{
    "loss": 9.306816101074219,
    "accuracy": 0.3333333432674408
}