{
    "loss": 9.948834419250488,
    "accuracy": 0.5026454925537109
}